<?xml version="1.0" encoding="UTF-8" ?>
<!DOCTYPE log4j:configuration PUBLIC
  "-//APACHE//DTD LOG4J 1.2//EN" "http://logging.apache.org/log4j/1.2/apidocs/org/apache/log4j/xml/doc-files/log4j.dtd">
  
<log4j:configuration debug="false"
	xmlns:log4j="http://jakarta.apache.org/log4j/">
	<!-- This default ConsoleAppender to System.out -->
	<appender name="console" class="org.apache.log4j.ConsoleAppender">
		<layout class="org.apache.log4j.PatternLayout">
			<param name="ConversionPattern"
				value="%d{yyyy-MM-dd HH:mm:ss,SSS} %-5p %x %c - %m%n" />
		</layout>
	</appender>
	
	<!-- 
	<logger name="com.netflix.hystrix">
		<level value="DEBUG" />
	</logger>
	 -->

	<root>
		<level value="INFO" />
		<appender-ref ref="console" />
	</root>
</log4j:configuration>
